"A0435265","MAT250300053"
"A0445614","MAT250300055"
"A0453501","MAT250300056"
"A0526894","MAT250300057"
"A0580262","MAT251000004"
"A0564519","MAT250300054"
"A0520474","MAT250400014"
"A0477606","MAT250400009"
"A0488408","MAT250400010"
"A0491889","MAT250400011"
"A0512474","MAT250400012"
"A0520478","MAT250400008"
"A0494989","MAT250400001"
"A0494988","MAT250400002"
"A0493043","MAT250400021"
"A0410332","MAT250600020"
"A0473041","MAT250400004"
"A0480645","MAT250400003"
"A12A016","MAT250600018"
"A0405465","MAT250600019"
"HSM305A03A008","MAT250700032"
"HSM407A03A008","MAT250700033"
"A0382962","MAT250700017"
